{"cameraMode":{"drawMode":0,"name":"Shaded","section":"Shading Mode"},"sceneLighting":true,"audioPlay":false,"sceneViewState":{"m_AlwaysRefresh":false,"showFog":true,"showSkybox":true,"showFlares":true,"showImageEffects":true,"showParticleSystems":true,"showVisualEffectGraphs":true,"m_FxEnabled":true},"in2DMode":false,"pivot":{"x":-0.8413830399513245,"y":0.24299639463424684,"z":0.10979068279266358},"rotation":{"x":0.032962866127491,"y":0.04346310719847679,"z":-0.0014345870586112142,"w":0.9985140562057495},"size":10.355195045471192,"orthographic":true}