{"cameraMode":{"drawMode":0,"name":"Shaded","section":"Shading Mode"},"sceneLighting":true,"audioPlay":false,"sceneViewState":{"m_AlwaysRefresh":false,"showFog":true,"showSkybox":true,"showFlares":true,"showImageEffects":true,"showParticleSystems":true,"showVisualEffectGraphs":true,"m_FxEnabled":true},"in2DMode":false,"pivot":{"x":-22.72290802001953,"y":-1.2278493642807007,"z":1.1629748344421387},"rotation":{"x":-0.010181945748627186,"y":0.0602518655359745,"z":-0.0006093807169236243,"w":-0.9981632232666016},"size":6.419154167175293,"orthographic":true}