{"cameraMode":{"drawMode":0,"name":"Shaded","section":"Shading Mode"},"sceneLighting":true,"audioPlay":false,"sceneViewState":{"m_AlwaysRefresh":false,"showFog":true,"showSkybox":true,"showFlares":true,"showImageEffects":true,"showParticleSystems":true,"showVisualEffectGraphs":true,"m_FxEnabled":true},"in2DMode":false,"pivot":{"x":-0.4301401674747467,"y":0.6007499098777771,"z":-11.84410572052002},"rotation":{"x":0.029971512034535409,"y":0.041969988495111468,"z":-0.0012330113677307964,"w":0.9987168312072754},"size":11.734554290771485,"orthographic":true}