{"cameraMode":{"drawMode":0,"name":"Shaded","section":"Shading Mode"},"sceneLighting":true,"audioPlay":false,"sceneViewState":{"m_AlwaysRefresh":false,"showFog":true,"showSkybox":true,"showFlares":true,"showImageEffects":true,"showParticleSystems":true,"showVisualEffectGraphs":true,"m_FxEnabled":true},"in2DMode":false,"pivot":{"x":-1.2997145652770997,"y":-0.08578813076019287,"z":3.7470812797546388},"rotation":{"x":0.033175643533468249,"y":0.08414500951766968,"z":0.0028158000204712154,"w":-0.9959330558776856},"size":24.69900131225586,"orthographic":true}