{"cameraMode":{"drawMode":0,"name":"Shaded","section":"Shading Mode"},"sceneLighting":true,"audioPlay":false,"sceneViewState":{"m_AlwaysRefresh":false,"showFog":true,"showSkybox":true,"showFlares":true,"showImageEffects":true,"showParticleSystems":true,"showVisualEffectGraphs":true,"m_FxEnabled":true},"in2DMode":false,"pivot":{"x":3.7376787662506105,"y":-1.3587024211883546,"z":-1.3371812105178834},"rotation":{"x":0.05331289768218994,"y":-0.04881240427494049,"z":0.0025789495557546617,"w":0.9974014759063721},"size":11.365217208862305,"orthographic":true}