{"cameraMode":{"drawMode":0,"name":"Shaded","section":"Shading Mode"},"sceneLighting":true,"audioPlay":false,"sceneViewState":{"m_AlwaysRefresh":false,"showFog":true,"showSkybox":true,"showFlares":true,"showImageEffects":true,"showParticleSystems":true,"showVisualEffectGraphs":true,"m_FxEnabled":true},"in2DMode":false,"pivot":{"x":-4.881056308746338,"y":-3.6503210067749025,"z":-0.9303829073905945},"rotation":{"x":0.056370753794908527,"y":0.0005985434981994331,"z":-0.00006092949479352683,"w":0.9984303712844849},"size":26.975461959838868,"orthographic":true}