{"cameraMode":{"drawMode":0,"name":"Shaded","section":"Shading Mode"},"sceneLighting":true,"audioPlay":false,"sceneViewState":{"m_AlwaysRefresh":false,"showFog":true,"showSkybox":true,"showFlares":true,"showImageEffects":true,"showParticleSystems":true,"showVisualEffectGraphs":true,"m_FxEnabled":true},"in2DMode":false,"pivot":{"x":18.45985984802246,"y":0.9499998092651367,"z":-1.5841054916381837},"rotation":{"x":0.049471937119960788,"y":-0.017977217212319375,"z":0.0008902607951313257,"w":0.9986173510551453},"size":9.519575119018555,"orthographic":true}