{"cameraMode":{"drawMode":0,"name":"Shaded","section":"Shading Mode"},"sceneLighting":true,"audioPlay":false,"sceneViewState":{"m_AlwaysRefresh":false,"showFog":true,"showSkybox":true,"showFlares":true,"showImageEffects":true,"showParticleSystems":true,"showVisualEffectGraphs":true,"m_FxEnabled":true},"in2DMode":false,"pivot":{"x":2.7242581844329836,"y":-0.2799956202507019,"z":-6.326995372772217},"rotation":{"x":0.0224916934967041,"y":0.023991920053958894,"z":-0.0005408319411799312,"w":0.9994618892669678},"size":10.672052383422852,"orthographic":true}