{"cameraMode":{"drawMode":0,"name":"Shaded","section":"Shading Mode"},"sceneLighting":true,"audioPlay":false,"sceneViewState":{"m_AlwaysRefresh":false,"showFog":true,"showSkybox":true,"showFlares":true,"showImageEffects":true,"showParticleSystems":true,"showVisualEffectGraphs":true,"m_FxEnabled":true},"in2DMode":false,"pivot":{"x":-1.7829976081848145,"y":-1.6364295482635499,"z":-0.8628953695297241},"rotation":{"x":0.008998885750770569,"y":0.014998003840446473,"z":-0.00014819840725976974,"w":0.9998605847358704},"size":5.450958251953125,"orthographic":true}