{"cameraMode":{"drawMode":0,"name":"Shaded","section":"Shading Mode"},"sceneLighting":true,"audioPlay":false,"sceneViewState":{"m_AlwaysRefresh":false,"showFog":true,"showSkybox":true,"showFlares":true,"showImageEffects":true,"showParticleSystems":true,"showVisualEffectGraphs":true,"m_FxEnabled":true},"in2DMode":false,"pivot":{"x":1.490078330039978,"y":-2.7389914989471437,"z":-0.3025639057159424},"rotation":{"x":0.09163597971200943,"y":0.02778094820678234,"z":-0.002566366456449032,"w":0.995414674282074},"size":12.917594909667969,"orthographic":true}