{"cameraMode":{"drawMode":0,"name":"Shaded","section":"Shading Mode"},"sceneLighting":true,"audioPlay":false,"sceneViewState":{"m_AlwaysRefresh":false,"showFog":true,"showSkybox":true,"showFlares":true,"showImageEffects":true,"showParticleSystems":true,"showVisualEffectGraphs":true,"m_FxEnabled":true},"in2DMode":false,"pivot":{"x":-2.288179397583008,"y":-0.33409881591796877,"z":-24.491493225097658},"rotation":{"x":0.0014990728814154864,"y":0.038990769535303119,"z":-0.000058439843996893615,"w":0.9992409348487854},"size":12.154327392578125,"orthographic":true}