{"cameraMode":{"drawMode":0,"name":"Shaded","section":"Shading Mode"},"sceneLighting":true,"audioPlay":false,"sceneViewState":{"m_AlwaysRefresh":false,"showFog":true,"showSkybox":true,"showFlares":true,"showImageEffects":true,"showParticleSystems":true,"showVisualEffectGraphs":true,"m_FxEnabled":true},"in2DMode":false,"pivot":{"x":-1.5325462818145753,"y":0.6395339965820313,"z":-2.4418463706970217},"rotation":{"x":-0.07031863182783127,"y":0.059822581708431247,"z":0.004186906386166811,"w":0.995746374130249},"size":10.032026290893555,"orthographic":true}