{"cameraMode":{"drawMode":0,"name":"Shaded","section":"Shading Mode"},"sceneLighting":true,"audioPlay":false,"sceneViewState":{"m_AlwaysRefresh":false,"showFog":true,"showSkybox":true,"showFlares":true,"showImageEffects":true,"showParticleSystems":true,"showVisualEffectGraphs":true,"m_FxEnabled":true},"in2DMode":false,"pivot":{"x":-6.728816032409668,"y":2.6936707496643068,"z":32.861244201660159},"rotation":{"x":-0.010497146286070347,"y":-0.022496039047837259,"z":-0.00023819744819775224,"w":0.9997044801712036},"size":23.721588134765626,"orthographic":false}