{"cameraMode":{"drawMode":0,"name":"Shaded","section":"Shading Mode"},"sceneLighting":true,"audioPlay":false,"sceneViewState":{"m_AlwaysRefresh":false,"showFog":true,"showSkybox":true,"showFlares":true,"showImageEffects":true,"showParticleSystems":true,"showVisualEffectGraphs":true,"m_FxEnabled":true},"in2DMode":false,"pivot":{"x":0.7872956991195679,"y":-4.168340682983398,"z":-1.6610299348831177},"rotation":{"x":-0.01680336706340313,"y":-0.038701675832271579,"z":0.0004377776349429041,"w":-0.9991601705551148},"size":8.418905258178711,"orthographic":true}